Bioma;Estado;Cenário;Erosão;Bioprospecção;Carbono;PFNM;PFM;Área;Valor;Valores_ha;Valor_pecuaria;Diferenca_pecuaria;Diferenca_pecuaria_ha
CAA;AC;ERL Florestas a Mais;0;0;0;0;0;0;0;;0;0;0
CER;AC;ERL Florestas a Mais;0;0;0;0;0;0;0;;0;0;0
FAM;AC;ERL Florestas a Mais;18423126.98;61394086.4;2759764816;1523683246;0;224450.02;4363489726;19439.80792;1571150140;2792339586;12439.80792
MAT;AC;ERL Florestas a Mais;0;0;0;0;0;0;0;;0;0;0
PAN;AC;ERL Florestas a Mais;0;0;0;0;0;0;0;;0;0;0
SUL;AC;ERL Florestas a Mais;0;0;0;0;0;0;0;;0;0;0
CAA;AL;ERL Florestas a Mais;21680465.39;17116717.08;163775990.3;472714107.4;0;68355.81;675355635.9;9879.00341;478490670;196864965.9;2879.00341
CER;AL;ERL Florestas a Mais;0;0;0;0;0;0;0;;0;0;0
FAM;AL;ERL Florestas a Mais;0;0;0;0;0;0;0;;0;0;0
MAT;AL;ERL Florestas a Mais;4561630.66;1047236.093;181947527.4;300998389.4;0;20796.09;488575579.7;23492.62691;145572630;343002949.7;16492.62691
PAN;AL;ERL Florestas a Mais;0;0;0;0;0;0;0;;0;0;0
SUL;AL;ERL Florestas a Mais;0;0;0;0;0;0;0;;0;0;0
CAA;AM;ERL Florestas a Mais;0;0;0;0;0;0;0;;0;0;0
CER;AM;ERL Florestas a Mais;0;0;0;0;0;0;0;;0;0;0
FAM;AM;ERL Florestas a Mais;84498900.1;281588070.2;12657845314;6988474785;0;1029454.98;20013436525;19439.80792;7206184860;12807251665;12439.80792
MAT;AM;ERL Florestas a Mais;0;0;0;0;0;0;0;;0;0;0
PAN;AM;ERL Florestas a Mais;0;0;0;0;0;0;0;;0;0;0
SUL;AM;ERL Florestas a Mais;0;0;0;0;0;0;0;;0;0;0
CAA;AP;ERL Florestas a Mais;0;0;0;0;0;0;0;;0;0;0
CER;AP;ERL Florestas a Mais;0;0;0;0;0;0;0;;0;0;0
FAM;AP;ERL Florestas a Mais;30062548.13;100181835.5;4503337717;2486320642;0;366253.76;7120268997;19439.80792;2563776320;4556492677;12439.80792
MAT;AP;ERL Florestas a Mais;0;0;0;0;0;0;0;;0;0;0
PAN;AP;ERL Florestas a Mais;0;0;0;0;0;0;0;;0;0;0
SUL;AP;ERL Florestas a Mais;0;0;0;0;0;0;0;;0;0;0
CAA;BA;ERL Florestas a Mais;1287803064;1016719905;9728168576;28078856478;0;4060282.84;40115608306;9879.00341;28421979880;11693628426;2879.00341
CER;BA;ERL Florestas a Mais;916889191.1;738438792.9;9666606878;20045886152;0;2699650.92;31370520665;11619.21372;18897556440;12472964225;4619.213722
FAM;BA;ERL Florestas a Mais;0;0;0;0;0;0;0;;0;0;0
MAT;BA;ERL Florestas a Mais;152954110.9;35114431.12;6100805691;10092649861;0;697304.91;16382221398;23492.62691;4881134370;11501087028;16492.62691
PAN;BA;ERL Florestas a Mais;0;0;0;0;0;0;0;;0;0;0
SUL;BA;ERL Florestas a Mais;0;0;0;0;0;0;0;;0;0;0
CAA;CE;ERL Florestas a Mais;855716090.6;675587445.4;6464148606;18657766828;0;2697966.37;26655916936;9879.00341;18885764590;7770152346;2879.00341
CER;CE;ERL Florestas a Mais;0;0;0;0;0;0;0;;0;0;0
FAM;CE;ERL Florestas a Mais;0;0;0;0;0;0;0;;0;0;0
MAT;CE;ERL Florestas a Mais;0;0;0;0;0;0;0;;0;0;0
PAN;CE;ERL Florestas a Mais;0;0;0;0;0;0;0;;0;0;0
SUL;CE;ERL Florestas a Mais;0;0;0;0;0;0;0;;0;0;0
CAA;DF;ERL Florestas a Mais;0;0;0;0;0;0;0;;0;0;0
CER;DF;ERL Florestas a Mais;26747326.2;21541603.36;281992513.4;584774977.4;0;78753.73;915135174;11619.21372;551276110;363859064;4619.213722
FAM;DF;ERL Florestas a Mais;0;0;0;0;0;0;0;;0;0;0
MAT;DF;ERL Florestas a Mais;0;0;0;0;0;0;0;;0;0;0
PAN;DF;ERL Florestas a Mais;0;0;0;0;0;0;0;;0;0;0
SUL;DF;ERL Florestas a Mais;0;0;0;0;0;0;0;;0;0;0
CAA;ES;ERL Florestas a Mais;0;0;0;0;0;0;0;;0;0;0
CER;ES;ERL Florestas a Mais;0;0;0;0;0;0;0;;0;0;0
FAM;ES;ERL Florestas a Mais;0;0;0;0;0;0;0;;0;0;0
MAT;ES;ERL Florestas a Mais;30663038.48;7039465.275;1223041594;2023295151;0;139790.21;3284179039;23492.62691;978531470;2305647569;16492.62691
PAN;ES;ERL Florestas a Mais;0;0;0;0;0;0;0;;0;0;0
SUL;ES;ERL Florestas a Mais;0;0;0;0;0;0;0;;0;0;0
CAA;GO;ERL Florestas a Mais;0;0;0;0;0;0;0;;0;0;0
CER;GO;ERL Florestas a Mais;1036250095;834568971.9;10925008602;22655465501;0;3051092.27;35454344263;11619.21372;21357645890;14096698373;4619.213722
FAM;GO;ERL Florestas a Mais;0;0;0;0;0;0;0;;0;0;0
MAT;GO;ERL Florestas a Mais;1125756.703;258445.5297;44902506.12;74282856.25;0;5132.23;120574696.8;23492.62691;35925610;84649086.84;16492.62691
PAN;GO;ERL Florestas a Mais;0;0;0;0;0;0;0;;0;0;0
SUL;GO;ERL Florestas a Mais;0;0;0;0;0;0;0;;0;0;0
CAA;MA;ERL Florestas a Mais;0;0;0;0;0;0;0;;0;0;0
CER;MA;ERL Florestas a Mais;1163746940;937251626.7;12269186165;25442920370;0;3426488.75;39816531591;11619.21372;23985421250;15831110341;4619.213722
FAM;MA;ERL Florestas a Mais;7766208.773;25880475.82;1163369810;642303676.4;0;94616.17;1839414787;19439.80792;662313190;1177101597;12439.80792
MAT;MA;ERL Florestas a Mais;0;0;0;0;0;0;0;;0;0;0
PAN;MA;ERL Florestas a Mais;0;0;0;0;0;0;0;;0;0;0
SUL;MA;ERL Florestas a Mais;0;0;0;0;0;0;0;;0;0;0
CAA;MG;ERL Florestas a Mais;142483373.6;112490555.5;1076330936;3106663052;0;449232.35;4438417150;9879.00341;3144626450;1293790700;2879.00341
CER;MG;ERL Florestas a Mais;1448685542;1166733792;15273245407;31672513682;0;4265450.28;49565443874;11619.21372;29858151960;19707291914;4619.213722
FAM;MG;ERL Florestas a Mais;0;0;0;0;0;0;0;;0;0;0
MAT;MG;ERL Florestas a Mais;337897830.1;77572874.69;13477565215;22296128345;0;1540447.75;36190704713;23492.62691;10783134250;25407570463;16492.62691
PAN;MG;ERL Florestas a Mais;0;0;0;0;0;0;0;;0;0;0
SUL;MG;ERL Florestas a Mais;0;0;0;0;0;0;0;;0;0;0
CAA;MS;ERL Florestas a Mais;0;0;0;0;0;0;0;;0;0;0
CER;MS;ERL Florestas a Mais;464029919.9;373717672;4892188565;10145054644;0;1366270.66;15876357071;11619.21372;9563894620;6312462451;4619.213722
FAM;MS;ERL Florestas a Mais;0;0;0;0;0;0;0;;0;0;0
MAT;MS;ERL Florestas a Mais;21885526.03;5024368.366;872937255.2;1444112551;0;99774.27;2344059475;23492.62691;698419890;1645639585;16492.62691
PAN;MS;ERL Florestas a Mais;2208240008;191379617.5;11524248474;13634627375;0;3800430.27;27562295905;7251.414581;26603011890;959284015.1;251.4145812
SUL;MS;ERL Florestas a Mais;0;0;0;0;0;0;0;;0;0;0
CAA;MT;ERL Florestas a Mais;0;0;0;0;0;0;0;;0;0;0
CER;MT;ERL Florestas a Mais;1223494570;985370819.4;12899095269;26749178744;0;3602407.22;41860741810;11619.21372;25216850540;16643891270;4619.213722
FAM;MT;ERL Florestas a Mais;109698709.2;365565087.8;16432749905;9072622987;0;1336465.71;25981973155;19439.80792;9355259970;16626713185;12439.80792
MAT;MT;ERL Florestas a Mais;0;0;0;0;0;0;0;;0;0;0
PAN;MT;ERL Florestas a Mais;847168250.4;73420794.42;4421157745;5230782603;0;1457995.44;10573987388;7251.414581;10205968080;368019308.4;251.4145812
SUL;MT;ERL Florestas a Mais;0;0;0;0;0;0;0;;0;0;0
CAA;PA;ERL Florestas a Mais;0;0;0;0;0;0;0;;0;0;0
CER;PA;ERL Florestas a Mais;24811492.28;19982532.88;261583345.3;542451971.6;0;73053.94;848902396;11619.21372;511377580;337524816;4619.213722
FAM;PA;ERL Florestas a Mais;156145532.5;520346644.8;23390434599;12914003795;0;1902330.04;36982832901;19439.80792;13316310280;23666522621;12439.80792
MAT;PA;ERL Florestas a Mais;0;0;0;0;0;0;0;;0;0;0
PAN;PA;ERL Florestas a Mais;0;0;0;0;0;0;0;;0;0;0
SUL;PA;ERL Florestas a Mais;0;0;0;0;0;0;0;;0;0;0
CAA;PB;ERL Florestas a Mais;231967516.7;183138243.8;1752301396;5057747407;0;731364.72;7225885928;9879.00341;5119553040;2106332888;2879.00341
CER;PB;ERL Florestas a Mais;0;0;0;0;0;0;0;;0;0;0
FAM;PB;ERL Florestas a Mais;0;0;0;0;0;0;0;;0;0;0
MAT;PB;ERL Florestas a Mais;2723399.729;625224.3343;108626910.8;179703047.7;0;12415.75;291690998.3;23492.62691;86910250;204780748.3;16492.62691
PAN;PB;ERL Florestas a Mais;0;0;0;0;0;0;0;;0;0;0
SUL;PB;ERL Florestas a Mais;0;0;0;0;0;0;0;;0;0;0
CAA;PE;ERL Florestas a Mais;320473356;253013561.8;2420881669;6987501132;0;1010412.62;9982880131;9879.00341;7072888340;2909991791;2879.00341
CER;PE;ERL Florestas a Mais;0;0;0;0;0;0;0;;0;0;0
FAM;PE;ERL Florestas a Mais;0;0;0;0;0;0;0;;0;0;0
MAT;PE;ERL Florestas a Mais;4948534.056;1136059.418;197379753.6;326528141.4;0;22559.95;530015048.4;23492.62691;157919650;372095398.4;16492.62691
PAN;PE;ERL Florestas a Mais;0;0;0;0;0;0;0;;0;0;0
SUL;PE;ERL Florestas a Mais;0;0;0;0;0;0;0;;0;0;0
CAA;PI;ERL Florestas a Mais;765063312.7;604017120.6;5779350185;16681201925;0;2412149.44;23832044693;9879.00341;16885046080;6946998613;2879.00341
CER;PI;ERL Florestas a Mais;1329658874;1070872798;14018367474;29070241706;0;3914993.04;45493055845;11619.21372;27404951280;18088104565;4619.213722
FAM;PI;ERL Florestas a Mais;0;0;0;0;0;0;0;;0;0;0
MAT;PI;ERL Florestas a Mais;0;0;0;0;0;0;0;;0;0;0
PAN;PI;ERL Florestas a Mais;0;0;0;0;0;0;0;;0;0;0
SUL;PI;ERL Florestas a Mais;0;0;0;0;0;0;0;;0;0;0
CAA;PR;ERL Florestas a Mais;0;0;0;0;0;0;0;;0;0;0
CER;PR;ERL Florestas a Mais;17386864.31;14002929.93;183306754.8;380127834.3;0;51193.17;594875576.5;11619.21372;358352190;236523386.5;4619.213722
FAM;PR;ERL Florestas a Mais;0;0;0;0;0;0;0;;0;0;0
MAT;PR;ERL Florestas a Mais;260438513.7;59790156.63;10387983408;17184989100;0;1187317.25;27894388496;23492.62691;8311220750;19583167746;16492.62691
PAN;PR;ERL Florestas a Mais;0;0;0;0;0;0;0;;0;0;0
SUL;PR;ERL Florestas a Mais;0;0;0;0;0;0;0;;0;0;0
CAA;RJ;ERL Florestas a Mais;0;0;0;0;0;0;0;;0;0;0
CER;RJ;ERL Florestas a Mais;0;0;0;0;0;0;0;;0;0;0
FAM;RJ;ERL Florestas a Mais;0;0;0;0;0;0;0;;0;0;0
MAT;RJ;ERL Florestas a Mais;39088397.02;8973716.471;1559099743;2579240939;0;178200.71;4186580996;23492.62691;1247404970;2939176026;16492.62691
PAN;RJ;ERL Florestas a Mais;0;0;0;0;0;0;0;;0;0;0
SUL;RJ;ERL Florestas a Mais;0;0;0;0;0;0;0;;0;0;0
CAA;RN;ERL Florestas a Mais;238414513.9;188228145;1801002534;5198315723;0;751691.3;7426712607;9879.00341;5261839100;2164873507;2879.00341
CER;RN;ERL Florestas a Mais;0;0;0;0;0;0;0;;0;0;0
FAM;RN;ERL Florestas a Mais;0;0;0;0;0;0;0;;0;0;0
MAT;RN;ERL Florestas a Mais;3411655.479;783230.608;136079030.7;225117481.2;0;15553.45;365406951.5;23492.62691;108874150;256532801.5;16492.62691
PAN;RN;ERL Florestas a Mais;0;0;0;0;0;0;0;;0;0;0
SUL;RN;ERL Florestas a Mais;0;0;0;0;0;0;0;;0;0;0
CAA;RO;ERL Florestas a Mais;0;0;0;0;0;0;0;;0;0;0
CER;RO;ERL Florestas a Mais;8942893.924;7202375.007;94283410.43;195517882.9;0;26331.09;305972893.3;11619.21372;184317630;121655263.3;4619.213722
FAM;RO;ERL Florestas a Mais;13816245.76;46041900.85;2069658912;1142671502;0;168324.12;3272356885;19439.80792;1178268840;2094088045;12439.80792
MAT;RO;ERL Florestas a Mais;0;0;0;0;0;0;0;;0;0;0
PAN;RO;ERL Florestas a Mais;0;0;0;0;0;0;0;;0;0;0
SUL;RO;ERL Florestas a Mais;0;0;0;0;0;0;0;;0;0;0
CAA;RR;ERL Florestas a Mais;0;0;0;0;0;0;0;;0;0;0
CER;RR;ERL Florestas a Mais;0;0;0;0;0;0;0;;0;0;0
FAM;RR;ERL Florestas a Mais;55016991.93;183341186.3;8241486843;4550175924;0;670275.19;13030691220;19439.80792;4691926330;8338764890;12439.80792
MAT;RR;ERL Florestas a Mais;0;0;0;0;0;0;0;;0;0;0
PAN;RR;ERL Florestas a Mais;0;0;0;0;0;0;0;;0;0;0
SUL;RR;ERL Florestas a Mais;0;0;0;0;0;0;0;;0;0;0
CAA;RS;ERL Florestas a Mais;0;0;0;0;0;0;0;;0;0;0
CER;RS;ERL Florestas a Mais;0;0;0;0;0;0;0;;0;0;0
FAM;RS;ERL Florestas a Mais;0;0;0;0;0;0;0;;0;0;0
MAT;RS;ERL Florestas a Mais;132200299.2;30349875.99;5273008568;8723213274;0;602690.03;14159374707;23492.62691;4218830210;9940544497;16492.62691
PAN;RS;ERL Florestas a Mais;0;0;0;0;0;0;0;;0;0;0
SUL;RS;ERL Florestas a Mais;2532932589;2836549431;10013353184;15341056939;0;4059902.53;30727952046;7567.642798;28419317710;2308634336;567.6427984
CAA;SC;ERL Florestas a Mais;0;0;0;0;0;0;0;;0;0;0
CER;SC;ERL Florestas a Mais;0;0;0;0;0;0;0;;0;0;0
FAM;SC;ERL Florestas a Mais;0;0;0;0;0;0;0;;0;0;0
MAT;SC;ERL Florestas a Mais;208313172.6;47823484.49;8308885465;13745507721;0;949682.21;22311479525;23492.62691;6647775470;15663704055;16492.62691
PAN;SC;ERL Florestas a Mais;0;0;0;0;0;0;0;;0;0;0
SUL;SC;ERL Florestas a Mais;0;0;0;0;0;0;0;;0;0;0
CAA;SE;ERL Florestas a Mais;16398604.57;12946690.49;123876386.2;357550061.1;0;51702.76;510823445.1;9879.00341;361919320;148904125.1;2879.00341
CER;SE;ERL Florestas a Mais;0;0;0;0;0;0;0;;0;0;0
FAM;SE;ERL Florestas a Mais;0;0;0;0;0;0;0;;0;0;0
MAT;SE;ERL Florestas a Mais;4644957.49;1066365.845;185271143.8;306496695.5;0;21175.97;497500338.6;23492.62691;148231790;349268548.6;16492.62691
PAN;SE;ERL Florestas a Mais;0;0;0;0;0;0;0;;0;0;0
SUL;SE;ERL Florestas a Mais;0;0;0;0;0;0;0;;0;0;0
CAA;SP;ERL Florestas a Mais;0;0;0;0;0;0;0;;0;0;0
CER;SP;ERL Florestas a Mais;49441128.33;39818603.47;521249411.4;1080928033;0;145572.43;1691582749;11619.21372;1019007010;672575738.6;4619.213722
FAM;SP;ERL Florestas a Mais;0;0;0;0;0;0;0;;0;0;0
MAT;SP;ERL Florestas a Mais;143878328;33030858.78;5738804383;9493785935;0;655929.18;15410155434;23492.62691;4591504260;10818651174;16492.62691
PAN;SP;ERL Florestas a Mais;0;0;0;0;0;0;0;;0;0;0
SUL;SP;ERL Florestas a Mais;0;0;0;0;0;0;0;;0;0;0
CAA;TO;ERL Florestas a Mais;0;0;0;0;0;0;0;;0;0;0
CER;TO;ERL Florestas a Mais;1051456791;846816050.3;11085330206;22987928450;0;3095866.24;35974627364;11619.21372;21671063680;14303563684;4619.213722
FAM;TO;ERL Florestas a Mais;186018.1611;619895.5838;27865322.58;15384617.16;0;2266.27;44058119.76;19439.80792;15863890;28194229.76;12439.80792
MAT;TO;ERL Florestas a Mais;0;0;0;0;0;0;0;;0;0;0
PAN;TO;ERL Florestas a Mais;0;0;0;0;0;0;0;;0;0;0
SUL;TO;ERL Florestas a Mais;0;0;0;0;0;0;0;;0;0;0
CAA;AC;Área prioritária para restauração;0;0;0;0;0;0;0;;0;0;0
CER;AC;Área prioritária para restauração;0;0;0;0;0;0;0;;0;0;0
FAM;AC;Área prioritária para restauração;586243874.7;42479795.8;1909536451;1054266900;0;89724;3592616745;40039.75549;628068000;2964548745;33039.75549
MAT;AC;Área prioritária para restauração;0;0;0;0;0;0;0;;0;0;0
PAN;AC;Área prioritária para restauração;0;0;0;0;0;0;0;;0;0;0
SUL;AC;Área prioritária para restauração;0;0;0;0;0;0;0;;0;0;0
CAA;AL;Área prioritária para restauração;90077688.14;6007242.583;57478434.55;165902626.1;0;13860;319479851.4;23049.49433;97020000;222459851.4;16049.49433
CER;AL;Área prioritária para restauração;0;0;0;0;0;0;0;;0;0;0
FAM;AL;Área prioritária para restauração;0;0;0;0;0;0;0;;0;0;0
MAT;AL;Área prioritária para restauração;219237815.4;2731237.796;474527154.7;785017039.5;0;31335;1481544582;47279.8228;219345000;1262199582;40279.8228
PAN;AL;Área prioritária para restauração;0;0;0;0;0;0;0;;0;0;0
SUL;AL;Área prioritária para restauração;0;0;0;0;0;0;0;;0;0;0
CAA;AM;Área prioritária para restauração;0;0;0;0;0;0;0;;0;0;0
CER;AM;Área prioritária para restauração;0;0;0;0;0;0;0;;0;0;0
FAM;AM;Área prioritária para restauração;374409664.7;27130084.91;1219541786;673316572.7;0;57303;2294455412;40039.75549;401121000;1893334412;33039.75549
MAT;AM;Área prioritária para restauração;0;0;0;0;0;0;0;;0;0;0
PAN;AM;Área prioritária para restauração;0;0;0;0;0;0;0;;0;0;0
SUL;AM;Área prioritária para restauração;0;0;0;0;0;0;0;;0;0;0
CAA;AP;Área prioritária para restauração;0;0;0;0;0;0;0;;0;0;0
CER;AP;Área prioritária para restauração;0;0;0;0;0;0;0;;0;0;0
FAM;AP;Área prioritária para restauração;8304533.511;601754.4967;27049850.98;14934390.24;0;1271;50891800.22;40039.75549;8897000;41994800.22;33039.75549
MAT;AP;Área prioritária para restauração;0;0;0;0;0;0;0;;0;0;0
PAN;AP;Área prioritária para restauração;0;0;0;0;0;0;0;;0;0;0
SUL;AP;Área prioritária para restauração;0;0;0;0;0;0;0;;0;0;0
CAA;BA;Área prioritária para restauração;1076278894;71776580.14;686771910.2;1982261075;0;165604;3817254063;23049.49433;1159228000;2658026063;16049.49433
CER;BA;Área prioritária para restauração;241707177.9;25310617.93;331331175.6;687089804;0;53460;1285492235;24044.87047;374220000;911272235.5;17044.87047
FAM;BA;Área prioritária para restauração;0;0;0;0;0;0;0;;0;0;0
MAT;BA;Área prioritária para restauração;2061381198;25680433.96;4461736461;7381114259;0;294627;13930206979;47279.8228;2062389000;11867817979;40279.8228
PAN;BA;Área prioritária para restauração;0;0;0;0;0;0;0;;0;0;0
SUL;BA;Área prioritária para restauração;0;0;0;0;0;0;0;;0;0;0
CAA;CE;Área prioritária para restauração;501945893.8;33474557.46;320290904.5;924470239.9;0;77233;1780258829;23049.49433;540631000;1239627829;16049.49433
CER;CE;Área prioritária para restauração;0;0;0;0;0;0;0;;0;0;0
FAM;CE;Área prioritária para restauração;0;0;0;0;0;0;0;;0;0;0
MAT;CE;Área prioritária para restauração;0;0;0;0;0;0;0;;0;0;0
PAN;CE;Área prioritária para restauração;0;0;0;0;0;0;0;;0;0;0
SUL;CE;Área prioritária para restauração;0;0;0;0;0;0;0;;0;0;0
CAA;DF;Área prioritária para restauração;0;0;0;0;0;0;0;;0;0;0
CER;DF;Área prioritária para restauração;16407694.51;1718148.756;22491598.14;46641393.54;0;3629;87262463.95;24044.87047;25403000;61859463.95;17044.87047
FAM;DF;Área prioritária para restauração;0;0;0;0;0;0;0;;0;0;0
MAT;DF;Área prioritária para restauração;0;0;0;0;0;0;0;;0;0;0
PAN;DF;Área prioritária para restauração;0;0;0;0;0;0;0;;0;0;0
SUL;DF;Área prioritária para restauração;0;0;0;0;0;0;0;;0;0;0
CAA;ES;Área prioritária para restauração;0;0;0;0;0;0;0;;0;0;0
CER;ES;Área prioritária para restauração;0;0;0;0;0;0;0;;0;0;0
FAM;ES;Área prioritária para restauração;0;0;0;0;0;0;0;;0;0;0
MAT;ES;Área prioritária para restauração;1016232168;12660095.62;2199573820;3638786339;0;145247;6867397669;47279.8228;1016729000;5850668669;40279.8228
PAN;ES;Área prioritária para restauração;0;0;0;0;0;0;0;;0;0;0
SUL;ES;Área prioritária para restauração;0;0;0;0;0;0;0;;0;0;0
CAA;GO;Área prioritária para restauração;0;0;0;0;0;0;0;;0;0;0
CER;GO;Área prioritária para restauração;1742520667;182469859.8;2388639950;4953382827;0;385405;9267398710;24044.87047;2697835000;6569563710;17044.87047
FAM;GO;Área prioritária para restauração;0;0;0;0;0;0;0;;0;0;0
MAT;GO;Área prioritária para restauração;104249033;1298721.658;225640804.4;373280800.7;0;14900;704484259.7;47279.8228;104300000;600184259.7;40279.8228
PAN;GO;Área prioritária para restauração;0;0;0;0;0;0;0;;0;0;0
SUL;GO;Área prioritária para restauração;0;0;0;0;0;0;0;;0;0;0
CAA;MA;Área prioritária para restauração;0;0;0;0;0;0;0;;0;0;0
CER;MA;Área prioritária para restauração;324853361.9;34017356.87;445307612.6;923445612.1;0;71850;1727695793;24044.87047;502950000;1224745793;17044.87047
FAM;MA;Área prioritária para restauração;2417115825;175146540.7;7873124092;4346800568;0;369937;14812556962;40039.75549;2589559000;12222997962;33039.75549
MAT;MA;Área prioritária para restauração;0;0;0;0;0;0;0;;0;0;0
PAN;MA;Área prioritária para restauração;0;0;0;0;0;0;0;;0;0;0
SUL;MA;Área prioritária para restauração;0;0;0;0;0;0;0;;0;0;0
CAA;MG;Área prioritária para restauração;58186547.04;3880435.992;37128746.36;107166393.4;0;8953;206371075.7;23049.49433;62671000;143700075.7;16049.49433
CER;MG;Área prioritária para restauração;2866761970;300195954.3;3929745166;8149211527;0;634061;15246548678;24044.87047;4438427000;10808121678;17044.87047
FAM;MG;Área prioritária para restauração;0;0;0;0;0;0;0;;0;0;0
MAT;MG;Área prioritária para restauração;7173571866;89367477.85;15526767773;25686153361;0;1025297;48476885775;47279.8228;7177079000;41299806775;40279.8228
PAN;MG;Área prioritária para restauração;0;0;0;0;0;0;0;;0;0;0
SUL;MG;Área prioritária para restauração;0;0;0;0;0;0;0;;0;0;0
CAA;MS;Área prioritária para restauração;0;0;0;0;0;0;0;;0;0;0
CER;MS;Área prioritária para restauração;642441040.5;67273880.17;880655457.2;1826237402;0;142093;3416749873;24044.87047;994651000;2422098873;17044.87047
FAM;MS;Área prioritária para restauração;0;0;0;0;0;0;0;;0;0;0
MAT;MS;Área prioritária para restauração;257208251.8;3204268.832;556711896;920976429.1;0;36762;1738137608;47279.8228;257334000;1480803608;40279.8228
PAN;MS;Área prioritária para restauração;17571925.77;905792.9847;54543861.88;64532210.84;0;10392;137564183.5;13236.50803;72744000;64820183.48;6236.508033
SUL;MS;Área prioritária para restauração;0;0;0;0;0;0;0;;0;0;0
CAA;MT;Área prioritária para restauração;0;0;0;0;0;0;0;;0;0;0
CER;MT;Área prioritária para restauração;811676756.4;84995573.77;1112643060;2307315937;0;179524;4316810851;24044.87047;1256668000;3060142851;17044.87047
FAM;MT;Área prioritária para restauração;11299294653;818757773.4;36804503964;20319994561;0;1729345;69244280297;40039.75549;12105415000;57138865297;33039.75549
MAT;MT;Área prioritária para restauração;0;0;0;0;0;0;0;;0;0;0
PAN;MT;Área prioritária para restauração;32935524.46;1697751.709;102233000.5;120954426.8;0;19478;257840181.5;13236.50803;136346000;121494181.5;6236.508033
SUL;MT;Área prioritária para restauração;0;0;0;0;0;0;0;;0;0;0
CAA;PA;Área prioritária para restauração;0;0;0;0;0;0;0;;0;0;0
CER;PA;Área prioritária para restauração;0;0;0;0;0;0;0;;0;0;0
FAM;PA;Área prioritária para restauração;10166781047;736694746.7;33115636403;18283347937;0;1556015;62304016148;40039.75549;10892105000;51411911148;33039.75549
MAT;PA;Área prioritária para restauração;0;0;0;0;0;0;0;;0;0;0
PAN;PA;Área prioritária para restauração;0;0;0;0;0;0;0;;0;0;0
SUL;PA;Área prioritária para restauração;0;0;0;0;0;0;0;;0;0;0
CAA;PB;Área prioritária para restauração;332806511.9;22194724.26;212363324.4;612953945.1;0;51208;1180369714;23049.49433;358456000;821913713.7;16049.49433
CER;PB;Área prioritária para restauração;0;0;0;0;0;0;0;;0;0;0
FAM;PB;Área prioritária para restauração;0;0;0;0;0;0;0;;0;0;0
MAT;PB;Área prioritária para restauração;87534204.83;1090490.38;189462557.3;313430610.5;0;12511;591530374.1;47279.8228;87577000;503953374.1;40279.8228
PAN;PB;Área prioritária para restauração;0;0;0;0;0;0;0;;0;0;0
SUL;PB;Área prioritária para restauração;0;0;0;0;0;0;0;;0;0;0
CAA;PE;Área prioritária para restauração;237692012.2;15851578.86;151670908.1;437774657;0;36573;843025729.2;23049.49433;256011000;587014729.2;16049.49433
CER;PE;Área prioritária para restauração;0;0;0;0;0;0;0;;0;0;0
FAM;PE;Área prioritária para restauração;0;0;0;0;0;0;0;;0;0;0
MAT;PE;Área prioritária para restauração;335856800.8;4184062.802;726941982.1;1202590488;0;48003;2269621337;47279.8228;336021000;1933600337;40279.8228
PAN;PE;Área prioritária para restauração;0;0;0;0;0;0;0;;0;0;0
SUL;PE;Área prioritária para restauração;0;0;0;0;0;0;0;;0;0;0
CAA;PI;Área prioritária para restauração;260386910.2;17365091.92;166152487.8;479573500.5;0;40065;923518055.4;23049.49433;280455000;643063055.4;16049.49433
CER;PI;Área prioritária para restauração;98889251.67;10355290.6;135556967.3;281107897.4;0;21872;525931279;24044.87047;153104000;372827279;17044.87047
FAM;PI;Área prioritária para restauração;0;0;0;0;0;0;0;;0;0;0
MAT;PI;Área prioritária para restauração;0;0;0;0;0;0;0;;0;0;0
PAN;PI;Área prioritária para restauração;0;0;0;0;0;0;0;;0;0;0
SUL;PI;Área prioritária para restauração;0;0;0;0;0;0;0;;0;0;0
CAA;PR;Área prioritária para restauração;0;0;0;0;0;0;0;;0;0;0
CER;PR;Área prioritária para restauração;63686631.26;6669011.676;87301364.39;181039038.2;0;14086;338710131.5;24044.87047;98602000;240108131.5;17044.87047
FAM;PR;Área prioritária para restauração;0;0;0;0;0;0;0;;0;0;0
MAT;PR;Área prioritária para restauração;9373401377;116772683.9;20288167337;33563004566;0;1339712;63342685675;47279.8228;9377984000;53964701675;40279.8228
PAN;PR;Área prioritária para restauração;0;0;0;0;0;0;0;;0;0;0
SUL;PR;Área prioritária para restauração;0;0;0;0;0;0;0;;0;0;0
CAA;RJ;Área prioritária para restauração;0;0;0;0;0;0;0;;0;0;0
CER;RJ;Área prioritária para restauração;0;0;0;0;0;0;0;;0;0;0
FAM;RJ;Área prioritária para restauração;0;0;0;0;0;0;0;;0;0;0
MAT;RJ;Área prioritária para restauração;778376454.5;9696918.335;1684749338;2787104856;0;111251;5260038817;47279.8228;778757000;4481281817;40279.8228
PAN;RJ;Área prioritária para restauração;0;0;0;0;0;0;0;;0;0;0
SUL;RJ;Área prioritária para restauração;0;0;0;0;0;0;0;;0;0;0
CAA;RN;Área prioritária para restauração;606601089.5;40453967.8;387071224.2;1117221321;0;93336;2151440939;23049.49433;653352000;1498088939;16049.49433
CER;RN;Área prioritária para restauração;0;0;0;0;0;0;0;;0;0;0
FAM;RN;Área prioritária para restauração;0;0;0;0;0;0;0;;0;0;0
MAT;RN;Área prioritária para restauração;30113277.72;375147.5179;65178390.74;107825541.3;0;4304;203496661.3;47279.8228;30128000;173368661.3;40279.8228
PAN;RN;Área prioritária para restauração;0;0;0;0;0;0;0;;0;0;0
SUL;RN;Área prioritária para restauração;0;0;0;0;0;0;0;;0;0;0
CAA;RO;Área prioritária para restauração;0;0;0;0;0;0;0;;0;0;0
CER;RO;Área prioritária para restauração;0;0;0;0;0;0;0;;0;0;0
FAM;RO;Área prioritária para restauração;3277651058;237501752.5;10676093072;5894337100;0;501641;20086084623;40039.75549;3511487000;16574597623;33039.75549
MAT;RO;Área prioritária para restauração;0;0;0;0;0;0;0;;0;0;0
PAN;RO;Área prioritária para restauração;0;0;0;0;0;0;0;;0;0;0
SUL;RO;Área prioritária para restauração;0;0;0;0;0;0;0;;0;0;0
CAA;RR;Área prioritária para restauração;0;0;0;0;0;0;0;;0;0;0
CER;RR;Área prioritária para restauração;0;0;0;0;0;0;0;;0;0;0
FAM;RR;Área prioritária para restauração;112931201.6;8183103.635;367843921.5;203088907.1;0;17284;692064417.8;40039.75549;120988000;571076417.8;33039.75549
MAT;RR;Área prioritária para restauração;0;0;0;0;0;0;0;;0;0;0
PAN;RR;Área prioritária para restauração;0;0;0;0;0;0;0;;0;0;0
SUL;RR;Área prioritária para restauração;0;0;0;0;0;0;0;;0;0;0
CAA;RS;Área prioritária para restauração;0;0;0;0;0;0;0;;0;0;0
CER;RS;Área prioritária para restauração;0;0;0;0;0;0;0;;0;0;0
FAM;RS;Área prioritária para restauração;0;0;0;0;0;0;0;;0;0;0
MAT;RS;Área prioritária para restauração;1667382822;20772050.55;3608950514;5970338304;0;238314;11267682005;47279.8228;1668198000;9599484005;40279.8228
PAN;RS;Área prioritária para restauração;0;0;0;0;0;0;0;;0;0;0
SUL;RS;Área prioritária para restauração;3262805983;504488235.7;3082528658;4722618566;0;722065;11573163507;16026.86938;5054455000;6518708507;9026.869384
CAA;SC;Área prioritária para restauração;0;0;0;0;0;0;0;;0;0;0
CER;SC;Área prioritária para restauração;0;0;0;0;0;0;0;;0;0;0
FAM;SC;Área prioritária para restauração;0;0;0;0;0;0;0;;0;0;0
MAT;SC;Área prioritária para restauração;1566890952;19520135.17;3391441865;5610510644;0;223951;10588587547;47279.8228;1567657000;9020930547;40279.8228
PAN;SC;Área prioritária para restauração;0;0;0;0;0;0;0;;0;0;0
SUL;SC;Área prioritária para restauração;0;0;0;0;0;0;0;;0;0;0
CAA;SE;Área prioritária para restauração;110627879.3;7377726.064;70591480.01;203751407.1;0;17022;392365514.5;23049.49433;119154000;273211514.5;16049.49433
CER;SE;Área prioritária para restauração;0;0;0;0;0;0;0;;0;0;0
FAM;SE;Área prioritária para restauração;0;0;0;0;0;0;0;;0;0;0
MAT;SE;Área prioritária para restauração;220007439.1;2740825.674;476192959.3;787772803.8;0;31445;1486745473;47279.8228;220115000;1266630473;40279.8228
PAN;SE;Área prioritária para restauração;0;0;0;0;0;0;0;;0;0;0
SUL;SE;Área prioritária para restauração;0;0;0;0;0;0;0;;0;0;0
CAA;SP;Área prioritária para restauração;0;0;0;0;0;0;0;;0;0;0
CER;SP;Área prioritária para restauração;1146042874;120009068.7;1570990717;3257803018;0;253478;6095099156;24044.87047;1774346000;4320753156;17044.87047
FAM;SP;Área prioritária para restauração;0;0;0;0;0;0;0;;0;0;0
MAT;SP;Área prioritária para restauração;4361359746;54333284.43;9439902635;15616565556;0;623356;29472784578;47279.8228;4363492000;25109292578;40279.8228
PAN;SP;Área prioritária para restauração;0;0;0;0;0;0;0;;0;0;0
SUL;SP;Área prioritária para restauração;0;0;0;0;0;0;0;;0;0;0
CAA;TO;Área prioritária para restauração;0;0;0;0;0;0;0;;0;0;0
CER;TO;Área prioritária para restauração;909444732.7;95233448.85;1246662988;2585236437;0;201148;4836778754;24044.87047;1408036000;3428742754;17044.87047
FAM;TO;Área prioritária para restauração;1827565818;132427179.4;5952818778;3286588112;0;279707;11199679595;40039.75549;1957949000;9241730595;33039.75549
MAT;TO;Área prioritária para restauração;0;0;0;0;0;0;0;;0;0;0
PAN;TO;Área prioritária para restauração;0;0;0;0;0;0;0;;0;0;0
SUL;TO;Área prioritária para restauração;0;0;0;0;0;0;0;;0;0;0
CAA;AC;Pastagem Degradada P/ Agricultura;0;0;0;0;0;0;0;;0;0;0
CER;AC;Pastagem Degradada P/ Agricultura;0;0;0;0;0;0;0;;0;0;0
FAM;AC;Pastagem Degradada P/ Agricultura;93496330.79;2303347.61;389764569.7;226941631.1;0;19314;712525193.1;36890.64301;135198000;577327193.1;29890.64301
MAT;AC;Pastagem Degradada P/ Agricultura;0;0;0;0;0;0;0;;0;0;0
PAN;AC;Pastagem Degradada P/ Agricultura;0;0;0;0;0;0;0;;0;0;0
SUL;AC;Pastagem Degradada P/ Agricultura;0;0;0;0;0;0;0;;0;0;0
CAA;AL;Pastagem Degradada P/ Agricultura;22144713.19;502098.3717;18084891.84;55049507.77;0;4599;95785810.17;20826.52994;32193000;63592810.17;13826.52994
CER;AL;Pastagem Degradada P/ Agricultura;0;0;0;0;0;0;0;;0;0;0
FAM;AL;Pastagem Degradada P/ Agricultura;0;0;0;0;0;0;0;;0;0;0
MAT;AL;Pastagem Degradada P/ Agricultura;234846748;994693.8053;650561428.6;1134999106;0;45305;2021447281;44617.63549;317135000;1704312281;37617.63549
PAN;AL;Pastagem Degradada P/ Agricultura;0;0;0;0;0;0;0;;0;0;0
SUL;AL;Pastagem Degradada P/ Agricultura;0;0;0;0;0;0;0;;0;0;0
CAA;AM;Pastagem Degradada P/ Agricultura;0;0;0;0;0;0;0;;0;0;0
CER;AM;Pastagem Degradada P/ Agricultura;0;0;0;0;0;0;0;;0;0;0
FAM;AM;Pastagem Degradada P/ Agricultura;9454195.611;232910.7323;39412353.97;22947965.49;0;1953;72049378.8;36890.64301;13671000;58378378.8;29890.64301
MAT;AM;Pastagem Degradada P/ Agricultura;0;0;0;0;0;0;0;;0;0;0
PAN;AM;Pastagem Degradada P/ Agricultura;0;0;0;0;0;0;0;;0;0;0
SUL;AM;Pastagem Degradada P/ Agricultura;0;0;0;0;0;0;0;;0;0;0
CAA;AP;Pastagem Degradada P/ Agricultura;0;0;0;0;0;0;0;;0;0;0
CER;AP;Pastagem Degradada P/ Agricultura;0;0;0;0;0;0;0;;0;0;0
FAM;AP;Pastagem Degradada P/ Agricultura;0;0;0;0;0;0;0;;0;0;0
MAT;AP;Pastagem Degradada P/ Agricultura;0;0;0;0;0;0;0;;0;0;0
PAN;AP;Pastagem Degradada P/ Agricultura;0;0;0;0;0;0;0;;0;0;0
SUL;AP;Pastagem Degradada P/ Agricultura;0;0;0;0;0;0;0;;0;0;0
CAA;BA;Pastagem Degradada P/ Agricultura;2422893565;54935501.02;1978701088;6023067311;0;503185;10480100650;20826.52994;3522295000;6957805650;13826.52994
CER;BA;Pastagem Degradada P/ Agricultura;538694446.1;19178582.86;945090521.9;2066873063;0;160816;3569997429;22198.26767;1125712000;2444285429;15198.26767
FAM;BA;Pastagem Degradada P/ Agricultura;0;0;0;0;0;0;0;;0;0;0
MAT;BA;Pastagem Degradada P/ Agricultura;1375521326;5826022.942;3810404557;6647805379;0;265356;11839822640;44617.63549;1857492000;9982330640;37617.63549
PAN;BA;Pastagem Degradada P/ Agricultura;0;0;0;0;0;0;0;;0;0;0
SUL;BA;Pastagem Degradada P/ Agricultura;0;0;0;0;0;0;0;;0;0;0
CAA;CE;Pastagem Degradada P/ Agricultura;170450250.5;3864705.427;139201366.9;423722010.3;0;35399;737273732.2;20826.52994;247793000;489480732.2;13826.52994
CER;CE;Pastagem Degradada P/ Agricultura;0;0;0;0;0;0;0;;0;0;0
FAM;CE;Pastagem Degradada P/ Agricultura;0;0;0;0;0;0;0;;0;0;0
MAT;CE;Pastagem Degradada P/ Agricultura;0;0;0;0;0;0;0;;0;0;0
PAN;CE;Pastagem Degradada P/ Agricultura;0;0;0;0;0;0;0;;0;0;0
SUL;CE;Pastagem Degradada P/ Agricultura;0;0;0;0;0;0;0;;0;0;0
CAA;DF;Pastagem Degradada P/ Agricultura;0;0;0;0;0;0;0;;0;0;0
CER;DF;Pastagem Degradada P/ Agricultura;46518068.93;1656134.838;81611730.66;178481408.7;0;13887;308281230.1;22198.26767;97209000;211072230.1;15198.26767
FAM;DF;Pastagem Degradada P/ Agricultura;0;0;0;0;0;0;0;;0;0;0
MAT;DF;Pastagem Degradada P/ Agricultura;0;0;0;0;0;0;0;;0;0;0
PAN;DF;Pastagem Degradada P/ Agricultura;0;0;0;0;0;0;0;;0;0;0
SUL;DF;Pastagem Degradada P/ Agricultura;0;0;0;0;0;0;0;;0;0;0
CAA;ES;Pastagem Degradada P/ Agricultura;0;0;0;0;0;0;0;;0;0;0
CER;ES;Pastagem Degradada P/ Agricultura;0;0;0;0;0;0;0;;0;0;0
FAM;ES;Pastagem Degradada P/ Agricultura;0;0;0;0;0;0;0;;0;0;0
MAT;ES;Pastagem Degradada P/ Agricultura;16473743.85;69774.57043;45634791.31;79616535.87;0;3178;141798023.6;44617.63549;22246000;119552023.6;37617.63549
PAN;ES;Pastagem Degradada P/ Agricultura;0;0;0;0;0;0;0;;0;0;0
SUL;ES;Pastagem Degradada P/ Agricultura;0;0;0;0;0;0;0;;0;0;0
CAA;GO;Pastagem Degradada P/ Agricultura;0;0;0;0;0;0;0;;0;0;0
CER;GO;Pastagem Degradada P/ Agricultura;4261932080;151733172.9;7477173086;16352261797;0;1272311;28244372447;22198.26767;8906177000;19338195447;15198.26767
FAM;GO;Pastagem Degradada P/ Agricultura;0;0;0;0;0;0;0;;0;0;0
MAT;GO;Pastagem Degradada P/ Agricultura;377823086.2;1600270.332;1046627764;1825994478;0;72887;3252118485;44617.63549;510209000;2741909485;37617.63549
PAN;GO;Pastagem Degradada P/ Agricultura;0;0;0;0;0;0;0;;0;0;0
SUL;GO;Pastagem Degradada P/ Agricultura;0;0;0;0;0;0;0;;0;0;0
CAA;MA;Pastagem Degradada P/ Agricultura;0;0;0;0;0;0;0;;0;0;0
CER;MA;Pastagem Degradada P/ Agricultura;347667880.5;12377661.03;609951747.2;1333938714;0;103789;2304039792;22198.26767;726523000;1577516792;15198.26767
FAM;MA;Pastagem Degradada P/ Agricultura;1697538823;41820058.15;7076646572;4120399442;0;350669;12936755564;36890.64301;2454683000;10482072564;29890.64301
MAT;MA;Pastagem Degradada P/ Agricultura;0;0;0;0;0;0;0;;0;0;0
PAN;MA;Pastagem Degradada P/ Agricultura;0;0;0;0;0;0;0;;0;0;0
SUL;MA;Pastagem Degradada P/ Agricultura;0;0;0;0;0;0;0;;0;0;0
CAA;MG;Pastagem Degradada P/ Agricultura;146726179.7;3326797.474;119826663.2;364746379.8;0;30472;634656492.2;20826.52994;213304000;421352492.2;13826.52994
CER;MG;Pastagem Degradada P/ Agricultura;3594432796;127968884.2;6306106164;13791187890;0;1073043;23820768777;22198.26767;7511301000;16309467777;15198.26767
FAM;MG;Pastagem Degradada P/ Agricultura;0;0;0;0;0;0;0;;0;0;0
MAT;MG;Pastagem Degradada P/ Agricultura;1403964193;5946492.756;3889195652;6785267912;0;270843;12084645093;44617.63549;1895901000;10188744093;37617.63549
PAN;MG;Pastagem Degradada P/ Agricultura;0;0;0;0;0;0;0;;0;0;0
SUL;MG;Pastagem Degradada P/ Agricultura;0;0;0;0;0;0;0;;0;0;0
CAA;MS;Pastagem Degradada P/ Agricultura;0;0;0;0;0;0;0;;0;0;0
CER;MS;Pastagem Degradada P/ Agricultura;6695171775;238361296.6;11746071327;25688161985;0;1998704;44369765087;22198.26767;13990928000;30378837087;15198.26767
FAM;MS;Pastagem Degradada P/ Agricultura;0;0;0;0;0;0;0;;0;0;0
MAT;MS;Pastagem Degradada P/ Agricultura;210343479.5;890910.1695;582683625.4;1016576398;0;40578;1810534991;44617.63549;284046000;1526488991;37617.63549
PAN;MS;Pastagem Degradada P/ Agricultura;3068044.512;53769.01289;12188389.83;15207792.95;0;2449;30520445.31;12461.41132;17143000;13377445.31;5461.411315
SUL;MS;Pastagem Degradada P/ Agricultura;0;0;0;0;0;0;0;;0;0;0
CAA;MT;Pastagem Degradada P/ Agricultura;0;0;0;0;0;0;0;;0;0;0
CER;MT;Pastagem Degradada P/ Agricultura;104365014.4;3715599.987;183098947.3;400429665.8;0;31156;691640383.5;22198.26767;218092000;473548383.5;15198.26767
FAM;MT;Pastagem Degradada P/ Agricultura;2310386601;56917992.51;9631467156;5607951661;0;477268;17607200677;36890.64301;3340876000;14266324677;29890.64301
MAT;MT;Pastagem Degradada P/ Agricultura;0;0;0;0;0;0;0;;0;0;0
PAN;MT;Pastagem Degradada P/ Agricultura;45491996.89;797269.9736;180725602.3;225496359.9;0;36313;452547542.1;12461.41132;254191000;198356542.1;5461.411315
SUL;MT;Pastagem Degradada P/ Agricultura;0;0;0;0;0;0;0;;0;0;0
CAA;PA;Pastagem Degradada P/ Agricultura;0;0;0;0;0;0;0;;0;0;0
CER;PA;Pastagem Degradada P/ Agricultura;0;0;0;0;0;0;0;;0;0;0
FAM;PA;Pastagem Degradada P/ Agricultura;7754207315;191030329.6;32325496108;18821620491;0;1601825;59093956068;36890.64301;11212775000;47881181068;29890.64301
MAT;PA;Pastagem Degradada P/ Agricultura;0;0;0;0;0;0;0;;0;0;0
PAN;PA;Pastagem Degradada P/ Agricultura;0;0;0;0;0;0;0;;0;0;0
SUL;PA;Pastagem Degradada P/ Agricultura;0;0;0;0;0;0;0;;0;0;0
CAA;PB;Pastagem Degradada P/ Agricultura;223960621.9;5077973.356;182901606.7;556743358.4;0;46512;968730072.3;20826.52994;325584000;643146072.3;13826.52994
CER;PB;Pastagem Degradada P/ Agricultura;0;0;0;0;0;0;0;;0;0;0
FAM;PB;Pastagem Degradada P/ Agricultura;0;0;0;0;0;0;0;;0;0;0
MAT;PB;Pastagem Degradada P/ Agricultura;150492678.2;637411.9977;416887747.4;727321356;0;29032;1295368226;44617.63549;203224000;1092144226;37617.63549
PAN;PB;Pastagem Degradada P/ Agricultura;0;0;0;0;0;0;0;;0;0;0
SUL;PB;Pastagem Degradada P/ Agricultura;0;0;0;0;0;0;0;;0;0;0
CAA;PE;Pastagem Degradada P/ Agricultura;768723455.5;17429658.81;627792305.5;1910968431;0;159648;3325073499;20826.52994;1117536000;2207537499;13826.52994
CER;PE;Pastagem Degradada P/ Agricultura;0;0;0;0;0;0;0;;0;0;0
FAM;PE;Pastagem Degradada P/ Agricultura;0;0;0;0;0;0;0;;0;0;0
MAT;PE;Pastagem Degradada P/ Agricultura;307242061.6;1301324.281;851107525.3;1484880962;0;59271;2644591144;44617.63549;414897000;2229694144;37617.63549
PAN;PE;Pastagem Degradada P/ Agricultura;0;0;0;0;0;0;0;;0;0;0
SUL;PE;Pastagem Degradada P/ Agricultura;0;0;0;0;0;0;0;;0;0;0
CAA;PI;Pastagem Degradada P/ Agricultura;19819012.72;449366.5793;16185565.3;49268052.61;0;4116;85726113.21;20826.52994;28812000;56914113.21;13826.52994
CER;PI;Pastagem Degradada P/ Agricultura;4776752.811;170061.8045;8380379.342;18327535.74;0;1426;31656155.7;22198.26767;9982000;21674155.7;15198.26767
FAM;PI;Pastagem Degradada P/ Agricultura;0;0;0;0;0;0;0;;0;0;0
MAT;PI;Pastagem Degradada P/ Agricultura;0;0;0;0;0;0;0;;0;0;0
PAN;PI;Pastagem Degradada P/ Agricultura;0;0;0;0;0;0;0;;0;0;0
SUL;PI;Pastagem Degradada P/ Agricultura;0;0;0;0;0;0;0;;0;0;0
CAA;PR;Pastagem Degradada P/ Agricultura;0;0;0;0;0;0;0;;0;0;0
CER;PR;Pastagem Degradada P/ Agricultura;656552.2798;23374.55378;1151861.396;2519072.233;0;196;4351056.463;22198.26767;1372000;2979056.463;15198.26767
FAM;PR;Pastagem Degradada P/ Agricultura;0;0;0;0;0;0;0;;0;0;0
MAT;PR;Pastagem Degradada P/ Agricultura;1027634007;4352545.607;2846703451;4966488527;0;198244;8845376775;44617.63549;1387708000;7457668775;37617.63549
PAN;PR;Pastagem Degradada P/ Agricultura;0;0;0;0;0;0;0;;0;0;0
SUL;PR;Pastagem Degradada P/ Agricultura;0;0;0;0;0;0;0;;0;0;0
CAA;RJ;Pastagem Degradada P/ Agricultura;0;0;0;0;0;0;0;;0;0;0
CER;RJ;Pastagem Degradada P/ Agricultura;0;0;0;0;0;0;0;;0;0;0
FAM;RJ;Pastagem Degradada P/ Agricultura;0;0;0;0;0;0;0;;0;0;0
MAT;RJ;Pastagem Degradada P/ Agricultura;206844493.7;876090.2089;572990899.2;999666026.1;0;39903;1780417412;44617.63549;279321000;1501096412;37617.63549
PAN;RJ;Pastagem Degradada P/ Agricultura;0;0;0;0;0;0;0;;0;0;0
SUL;RJ;Pastagem Degradada P/ Agricultura;0;0;0;0;0;0;0;;0;0;0
CAA;RN;Pastagem Degradada P/ Agricultura;7526024.509;170641.3905;6146267.874;18708932.52;0;1563;32553429.29;20826.52994;10941000;21612429.29;13826.52994
CER;RN;Pastagem Degradada P/ Agricultura;0;0;0;0;0;0;0;;0;0;0
FAM;RN;Pastagem Degradada P/ Agricultura;0;0;0;0;0;0;0;;0;0;0
MAT;RN;Pastagem Degradada P/ Agricultura;3970701.003;16817.91093;10999449.38;19190140.49;0;766;34177874.79;44617.63549;5362000;28815874.79;37617.63549
PAN;RN;Pastagem Degradada P/ Agricultura;0;0;0;0;0;0;0;;0;0;0
SUL;RN;Pastagem Degradada P/ Agricultura;0;0;0;0;0;0;0;;0;0;0
CAA;RO;Pastagem Degradada P/ Agricultura;0;0;0;0;0;0;0;;0;0;0
CER;RO;Pastagem Degradada P/ Agricultura;0;0;0;0;0;0;0;;0;0;0
FAM;RO;Pastagem Degradada P/ Agricultura;1383609184;34086181.56;5767946544;3358404787;0;285819;10544332514;36890.64301;2000733000;8543599514;29890.64301
MAT;RO;Pastagem Degradada P/ Agricultura;0;0;0;0;0;0;0;;0;0;0
PAN;RO;Pastagem Degradada P/ Agricultura;0;0;0;0;0;0;0;;0;0;0
SUL;RO;Pastagem Degradada P/ Agricultura;0;0;0;0;0;0;0;;0;0;0
CAA;RR;Pastagem Degradada P/ Agricultura;0;0;0;0;0;0;0;;0;0;0
CER;RR;Pastagem Degradada P/ Agricultura;0;0;0;0;0;0;0;;0;0;0
FAM;RR;Pastagem Degradada P/ Agricultura;1045625.321;25759.71233;4358970.024;2538023.833;0;216;7968594.891;36890.64301;1512000;6456594.891;29890.64301
MAT;RR;Pastagem Degradada P/ Agricultura;0;0;0;0;0;0;0;;0;0;0
PAN;RR;Pastagem Degradada P/ Agricultura;0;0;0;0;0;0;0;;0;0;0
SUL;RR;Pastagem Degradada P/ Agricultura;0;0;0;0;0;0;0;;0;0;0
CAA;RS;Pastagem Degradada P/ Agricultura;0;0;0;0;0;0;0;;0;0;0
CER;RS;Pastagem Degradada P/ Agricultura;0;0;0;0;0;0;0;;0;0;0
FAM;RS;Pastagem Degradada P/ Agricultura;0;0;0;0;0;0;0;;0;0;0
MAT;RS;Pastagem Degradada P/ Agricultura;6178949.864;26170.95278;17116636.64;29862464.05;0;1192;53185413.51;44617.63549;8344000;44841413.51;37617.63549
PAN;RS;Pastagem Degradada P/ Agricultura;0;0;0;0;0;0;0;;0;0;0
SUL;RS;Pastagem Degradada P/ Agricultura;1031141.631;54204.94764;1246787.243;2014453.71;0;308;4346895.532;14112.29718;2156000;2190895.532;7112.297182
CAA;SC;Pastagem Degradada P/ Agricultura;0;0;0;0;0;0;0;;0;0;0
CER;SC;Pastagem Degradada P/ Agricultura;0;0;0;0;0;0;0;;0;0;0
FAM;SC;Pastagem Degradada P/ Agricultura;0;0;0;0;0;0;0;;0;0;0
MAT;SC;Pastagem Degradada P/ Agricultura;20760649.5;87931.7667;57510175.95;100334872.9;0;4005;178697635.2;44617.63549;28035000;150662635.2;37617.63549
PAN;SC;Pastagem Degradada P/ Agricultura;0;0;0;0;0;0;0;;0;0;0
SUL;SC;Pastagem Degradada P/ Agricultura;0;0;0;0;0;0;0;;0;0;0
CAA;SE;Pastagem Degradada P/ Agricultura;124697029.3;2827319.316;101836147.9;309984149.3;0;25897;539370542.7;20826.52994;181279000;358091542.7;13826.52994
CER;SE;Pastagem Degradada P/ Agricultura;0;0;0;0;0;0;0;;0;0;0
FAM;SE;Pastagem Degradada P/ Agricultura;0;0;0;0;0;0;0;;0;0;0
MAT;SE;Pastagem Degradada P/ Agricultura;390580129.5;1654302.811;1081966726;1887648441;0;75348;3361924947;44617.63549;527436000;2834488947;37617.63549
PAN;SE;Pastagem Degradada P/ Agricultura;0;0;0;0;0;0;0;;0;0;0
SUL;SE;Pastagem Degradada P/ Agricultura;0;0;0;0;0;0;0;;0;0;0
CAA;SP;Pastagem Degradada P/ Agricultura;0;0;0;0;0;0;0;;0;0;0
CER;SP;Pastagem Degradada P/ Agricultura;187100651;6661151.537;328251113.7;717871324.4;0;55855;1239940096;22198.26767;390985000;848955095.7;15198.26767
FAM;SP;Pastagem Degradada P/ Agricultura;0;0;0;0;0;0;0;;0;0;0
MAT;SP;Pastagem Degradada P/ Agricultura;2467464102;10450948.45;6835253137;11925094014;0;476006;21238738207;44617.63549;3332042000;17906696207;37617.63549
PAN;SP;Pastagem Degradada P/ Agricultura;0;0;0;0;0;0;0;;0;0;0
SUL;SP;Pastagem Degradada P/ Agricultura;0;0;0;0;0;0;0;;0;0;0
CAA;TO;Pastagem Degradada P/ Agricultura;0;0;0;0;0;0;0;;0;0;0
CER;TO;Pastagem Degradada P/ Agricultura;1052202073;37460465.36;1845993055;4037108859;0;314113;6973078565;22198.26767;2198791000;4774287565;15198.26767
FAM;TO;Pastagem Degradada P/ Agricultura;1678146346;41342310.9;6995803822;4073328500;0;346663;12788967642;36890.64301;2426641000;10362326642;29890.64301
MAT;TO;Pastagem Degradada P/ Agricultura;0;0;0;0;0;0;0;;0;0;0
PAN;TO;Pastagem Degradada P/ Agricultura;0;0;0;0;0;0;0;;0;0;0
SUL;TO;Pastagem Degradada P/ Agricultura;0;0;0;0;0;0;0;;0;0;0
